PHONE,NAME,CITY,DATE
0800 1111,Sharon Conrad,Bomal,15-02-20202020
07624 528649,Jena Dixon,Ollagüe,05-12-19191919
07916 588842,Yvette Moran,Parkland County,15-08-19191919
076 7514 3281,Dana Todd,Leduc,16-12-19191919
0800 1111,Melissa Barber,Timaukel,24-04-20202020
(016977) 2012,Madaline Carney,Nivelles,10-11-20202020
0800 1111,Ingrid Hahn,Rekem,29-11-19191919
0800 334 2077,Quynn Fuentes,Oromocto,06-05-20202020
07125 360340,Lacey Huff,Eisenstadt,31-01-21212121
07624 003210,Kaden Crawford,Neyveli,28-08-19191919
07669 005564,Megan Boone,Hamilton,27-10-20202020
0800 486 6357,Wynne Brown,Negrete,09-08-19191919
(016977) 8700,Hyacinth Reilly,Markkleeberg,14-07-21212121
070 2283 8396,Guinevere English,Ghislarengo,09-07-20202020
(01884) 356718,Francesca Lancaster,Zelzate,12-06-20202020
070 3100 9566,Indigo Fuller,Metro,28-10-20202020
055 9019 6243,Charde Ortega,Rockingham,16-02-21212121
0800 431 5358,Macey Case,Enns,05-02-20202020
0500 031683,Sandra Mcmillan,Palakkad,10-06-21212121
(0116) 631 7216,Kaden Higgins,Valbrevenna,04-09-20202020
076 0984 2266,Naida Wong,LouveignŽ,14-03-20202020
07652 498094,Amy Wade,Dunfermline,26-02-20202020
(01817) 889122,Jayme Farley,Kulti-Barakar,17-08-20202020
(016977) 4256,Shafira Dunlap,Ternat,07-01-20202020
055 9876 1098,Donna Marshall,Neiva,01-11-19191919
0845 46 42,Xaviera York,Rocca Massima,10-03-21212121
0800 423261,Jaime Pruitt,Godhra,30-07-20202020
0823 599 3395,Serina Tate,St. John's,24-05-20202020
(016977) 4385,Inga Rich,Avellino,27-04-20202020
0800 535 0355,Nerea Browning,Wick,26-10-19191919
(0191) 187 8577,Gloria Parks,Pointe-Claire,11-02-21212121
0800 1111,Vanna Hubbard,Delft,23-10-19191919
0800 247 2674,Inga Sellers,Tofield,09-11-20202020
0845 46 42,Haviva Shepherd,Tokoroa,18-05-21212121
(015546) 61527,Iliana Sykes,Grand-Manil,25-11-20202020
070 5346 0301,Blaine Cannon,Mercedes,13-12-19191919
(013459) 27511,Leandra Odonnell,Abbeville,03-02-21212121
(0171) 018 6439,Illana Griffith,Heusden,11-03-21212121
0800 751986,Chava Vance,Hudson Bay,07-10-20202020
056 0042 5681,Willa Gray,Tarrasa,29-07-20202020
(025) 9343 8019,Donna Roy,Wimmertingen,19-05-21212121
(0101) 104 9890,Sylvia Pate,Rezzoaglio,01-03-21212121
0800 439342,Maite Walters,Etterbeek,30-12-19191919
055 8308 7482,Jael Owen,Malvern,24-09-19191919
056 8950 0233,Heidi Whitaker,Peshawar,16-09-19191919
070 1245 3426,Karina Sellers,Castelvecchio Calvisio,13-01-21212121
0845 46 47,Maggy Quinn,Liberia,08-11-19191919
07624 399167,Alma Duffy,Aix-en-Provence,29-09-20202020
(022) 1053 7568,Echo Bruce,Rutland,18-10-20202020
07728 606842,Deirdre Carey,Hagen,24-04-21212121
0500 549790,Teegan Le,Warwick,04-02-20202020
0850 871 0745,Shaine Gordon,Roubaix,03-04-20202020
076 3510 5533,Rae Hahn,Dehradun,19-08-20202020
(028) 0499 1741,Belle Carter,Marzi,01-08-20202020
0800 299475,Xena Pena,Rycroft,02-05-20202020
0800 628930,Daria Kemp,Llanquihue,15-07-21212121
0800 007657,Wyoming Slater,Reggio nell'Emilia,08-09-20202020
07089 540196,Deanna Gay,Neustadt,16-07-20202020
(017015) 19812,Larissa Doyle,Blieskastel,09-10-20202020
(01308) 444322,Blaine Garrett,Bellingen,06-12-20202020
0337 283 7866,Avye Beck,Comano,23-02-21212121
056 0416 6199,Noelani Hurley,Chestermere,28-06-20202020
(01743) 63482,Lydia Cook,Herselt,18-03-21212121
0800 016107,McKenzie Young,Raipur,28-11-20202020
0904 437 3244,Rebecca Goff,Curacaví,27-02-21212121
076 0529 5343,Jane Haynes,Puerto Colombia,19-01-20202020
056 6346 7471,Michelle House,Provost,29-12-19191919
(021) 5232 7137,Ocean Bailey,Itanagar,13-04-21212121
(016977) 9994,Odette Calhoun,Maunath Bhanjan,14-02-21212121
0800 965 7624,Shea Kim,Osgoode,14-06-21212121
0874 554 0077,Haley Carrillo,Fort Saskatchewan,07-09-20202020
076 7027 6656,Karyn Payne,HŽron,09-12-19191919
070 7563 1082,Noelle Williams,Oxford County,04-04-21212121
(016977) 4264,Imelda Cardenas,Great Falls,02-08-20202020
0324 246 1168,Ima Massey,San Cesario di Lecce,12-07-21212121
(017279) 39201,Stella Wade,Iqaluit,05-07-21212121
056 7372 3487,Lysandra Rosales,Neuwied,29-05-21212121
0358 414 6984,Sara Stone,Ceranesi,18-07-19191919
0385 143 9597,Tallulah Day,Greater Sudbury,08-11-19191919
(01328) 93637,Macey Carter,Lakewood,27-12-20202020
0962 237 4075,Teegan Guerrero,Columbus,01-09-20202020
0800 671 9521,Beatrice Ramsey,Metz,19-11-20202020
070 9819 6779,Priscilla Serrano,Lincoln,14-12-20202020
0911 206 2653,Shea Booker,Saint-Servais,20-10-20202020
0800 1111,Jolene Elliott,Susegana,09-06-20202020
070 4300 3671,Hollee Conner,Samarinda,06-02-21212121
055 6708 4164,Sonya Jacobson,Essen,16-07-20202020
(01504) 792653,Autumn Prince,Irvine,09-01-21212121
0811 644 7742,Idola Bradford,Saint-Dizier,08-11-20202020
0308 556 3864,Rhea French,Wechelderzande,29-08-19191919
0800 234 8614,Adrienne Wolfe,Wekweti,28-11-20202020
0947 708 2010,Gloria Cross,Torno,14-03-21212121
(016977) 4837,Ivana Trujillo,Gentinnes,11-04-20202020
(025) 4365 7662,Whoopi Justice,LiŽge,01-09-20202020
076 1464 8485,Sigourney Bradford,HavrŽ,26-08-20202020
055 4667 3891,Roary Mccarthy,Nieuwmunster,02-12-19191919
0949 029 2314,Sonya Mccarty,Blehen,23-01-20202020
07624 212727,Deborah Joyner,Sint-Kwintens-Lennik,26-03-21212121
070 5162 4811,Lisandra Mccray,Tuglie,20-09-20202020
07624 114885,Illana Simpson,Orizaba,23-07-19191919